y1,y2
-0.8019314252534474,-1.466049307670092
-2.1262904208815923,0.13168515808911985
-2.374652042976841,-1.2416218984655363
-1.9542068049113195,-1.6754532964797473
-0.8181602724216768,-1.0491200853465554
-0.7084538730998686,0.10763923714259288
-1.261101193636101,0.2588211981787487
-2.0458815489803794,-1.2211110020714144
-1.2971357782457882,0.2983664932487349
0.3376472647127893,2.2558018400223645
0.610416040557511,0.09689967501874466
-0.6229126234732607,-1.4609029529671989
-1.5811778289093494,-1.844989262985126
0.018841260089762057,-1.380914724956281
0.22172370059837046,-0.5288036006413257
-1.5104111418412143,-1.4789848078524614
-1.5941073346582402,-2.1221569962953724
-2.7573333081029885,-0.8484823993379943
-3.386621402164543,-4.304649706055451
-3.8746272254414005,-3.2581125844138117
-4.587940597073644,-0.27871849235294555
-4.034562126720355,-0.979478634896761
-4.097648098645644,-1.5260323659795896
-4.6870793566782485,-1.8862806193837804
-4.2774415301211315,-0.3677835922600843
-3.4475862230598073,-1.1881634752445351
-5.0906095944654846,-2.467727710005529
-5.347339720830979,-3.9038300212000565
-6.328087076874992,-3.2377103557664237
-6.501242301737024,-3.9845051491833336
-7.7906610484908825,-4.601505799148464
-7.769970654453291,-4.599224260560754
-7.807856395497359,-3.9485750624411575
-8.112194146455849,-4.38580789297
-9.160120651576095,-3.7089498148536206
-9.556310982049188,-6.104336932936326
-10.647639883744898,-5.493290138615315
-12.002848629949638,-4.141926818540318
-11.778062897489745,-5.850134111549895
-12.887412835381111,-5.245091196241914
-11.717116734202818,-4.721694869898095
-11.000529078328983,-4.183616718827131
-12.998345770778704,-5.761053715864105
-12.726216901366216,-7.743554481935999
-13.827933528947261,-7.181354470260633
-13.794876308788991,-7.277773736863116
-13.75124431621957,-8.424477462443205
-15.73967410445069,-8.333718673400483
-15.97309662821646,-9.23662814924203
-16.228886659615853,-9.77999477582731
-15.266886127772759,-7.422546807324927
-16.448332935728974,-8.267757740310149
-15.71029103788329,-8.54296042851683
-16.809263800919695,-9.355218263072704
-17.140554693619613,-9.11155078888235
-17.981027862041824,-9.384604300394772
-16.532296573120153,-8.674258569142681
-15.96408347333186,-8.034749484594398
-13.532350970486647,-7.201716159204307
-12.890434591404325,-6.058245313330963
-12.04544185768515,-5.4998500340034635
-11.20475898141981,-5.244509813061874
-11.811370517329362,-6.568788773190598
-11.881398963967744,-6.55720562866595
-10.531010096223117,-4.830640944640604
-10.927560861396088,-5.660823209174638
-10.738761330104989,-5.412532373657072
-10.759984790522278,-7.871987645572343
-10.150768297689538,-7.775488128731006
-10.51567703963691,-4.92069032774971
-10.66803892839376,-5.004460807846123
-10.42565749972161,-3.8193968784172228
-10.322634361234801,-4.4401540617215165
-11.187607107516621,-5.372064753590269
-10.291824064327177,-5.129549576074906
-11.590305272574088,-7.2218930644964425
-12.791420821377615,-5.512534521056237
-14.073912616118077,-7.640542323431932
-13.106940337184863,-6.050985714009063
-13.467548706084132,-6.533732707604003
-14.438585084605197,-6.947195521543898
-15.574606478794845,-6.8946280238538495
-15.153475341332438,-8.066603782644899
-16.208316003910273,-8.491393183574687
-17.480394214007916,-9.59605858035589
-16.866401151539055,-8.81035259922103
-18.063108878731626,-7.365613725314573
-18.385547029483025,-9.55609218136189
-18.392308569829545,-8.010537972721162
-18.837643936759356,-8.592810534637538
-18.891737898354805,-8.716587157588085
-17.552964399300034,-7.973467062577856
-18.069858551889308,-10.049205830841622
-19.329165710767533,-9.291135176498333
-21.16591141596121,-8.994543610495857
-21.370677532795078,-11.381134702728536
-21.722934543206307,-10.908574357190894
-21.457843636275985,-11.418080975299523
-21.922088227913466,-10.644032602743684
-22.40072669096619,-12.278893477348953
-23.122042438814795,-9.951341425156569
-23.641802211184974,-12.197735894551924
-23.48157550486755,-13.283449324434018
-23.86192823208269,-10.140173205227068
-23.761486379250183,-10.910220294824192
-21.860299179216927,-10.411638108197764
-21.381181028419984,-10.158002970735692
-22.95727087385521,-11.836433444740361
-21.223741288242106,-10.835166243893259
-20.87593091825357,-9.713946229297152
-21.817344204704554,-9.991047144642428
-20.910295247018745,-9.522535220365272
-20.892639636108907,-10.233768832443676
-21.507858169143976,-11.220317177677895
-22.141367094577593,-11.262770876466336
-23.13479888482945,-10.457799730900065
-23.086679900839613,-10.103421835462573
-22.01786320709005,-11.350243993631128
-22.342915305896426,-11.648761655492667
-21.92209118084007,-9.713495920472337
-20.046445127064793,-9.299573540398955
-21.261035760044642,-9.933259689997012
-21.00351343612115,-11.814090381013909
-21.309950362973023,-11.028732622952905
-22.369206462800868,-11.69959876060461
-23.395053662237466,-11.489622172074036
-23.410338805402827,-13.390111382432362
-22.97647539420266,-10.216484888967452
-23.50806521494569,-11.453900812122288
-23.4536746705862,-11.292000309813302
-22.73146601615149,-12.549873384960618
-22.434904769233665,-11.243872755985
-21.56623457949277,-9.448467001589487
-21.104838971341845,-12.122115088129844
-20.616833295661134,-10.002648590453012
-18.79019923071932,-8.696294701045272
-18.167027357026754,-9.775460781600579
-18.037556224671146,-8.204036884067
-17.327612421229148,-8.99387524117873
-18.246736096737358,-7.893601495337123
-18.584440882498228,-8.764708665823962
-17.791220028303623,-8.671244128423423
-17.160433328209738,-6.5713006826907865
-15.612071637378456,-6.974139360315133
-15.601598608459772,-6.492163595581552
-17.063926398880223,-9.721482871670657
-15.116679468004017,-8.204946801720684
-14.023786657445267,-6.175324325790866
-15.082524091048834,-6.635650182192657
-13.706700421080416,-6.909090240530339
-13.674297622301333,-6.057422276924996
-15.488226392206201,-8.802466942249689
-15.908580313629148,-7.740454931094195
-16.417484147622915,-9.356025938749305
-14.826635987300673,-7.0727474598722315
-15.618704682720196,-8.29552424850009
-15.872322023099564,-8.577158528194058
-16.149082829944934,-8.018242384789831
-16.528055592922197,-6.446567732766456
-17.442129653954815,-9.732826561432825
-17.22304274492914,-9.213271988606444
-16.146238098515585,-7.005454903522532
-15.522260447343832,-8.184696893670587
-16.44975956340314,-6.455615504491933
-17.59957532056483,-8.577257956436036
-17.480601766982783,-8.649668969340338
-18.187181930606553,-8.736706826440397
-18.817347579455852,-7.667494193212523
-20.497042158296015,-9.593159544657338
-18.54655055559605,-8.756563144889219
-17.62993140305516,-8.563107938377579
-18.603838734962135,-10.864338200781532
-17.695628468167587,-9.733086262228944
-16.353141362342964,-6.693226560134218
-18.742694712019603,-8.549469024088037
-19.29163949758387,-9.139754886951676
-19.679612715709506,-9.202743630108124
-19.031358245366217,-10.05927217479537
-19.152823667667036,-9.238447566161406
-19.383255003519356,-10.592422132108691
-19.44162639259151,-9.329450874935594
-17.588300684749505,-9.50828545308167
-15.428320214970494,-7.927979936641428
-15.95314665198415,-7.523158481160626
-16.879390645234583,-8.766483025987748
-14.186837497847726,-6.4458368260435845
-15.166582131040464,-7.127252789291725
-15.739984148932665,-7.51053393742191
-15.703402639583928,-6.527289936949289
-15.220156395438694,-9.083962874190583
-14.191120846000883,-8.69184270182669
-13.800143624330744,-6.2838300202545945
-14.672526696025935,-6.395469252998683
-14.166144369676225,-5.071431757123542
-13.916226789825002,-6.201856595921
-12.039307797370826,-5.189438900364482
-12.054307595526545,-6.910233849270768
-13.391280495443779,-5.94301847025283
-14.43630040982774,-6.544311266838596
-12.986147350874578,-7.548938864600208
-13.526278557952972,-7.659456788024572
-15.630744568038534,-7.9264034868185425
-16.21144427352799,-7.817468385573863
-16.211429173696697,-11.050500125495343
-15.022598495159327,-7.440993737392771
-16.037066632761753,-7.787678820274558
-15.370383306859678,-7.862028013199697
-14.575084207258062,-7.020717205562539
-15.274472515581735,-7.1813300261878155
-15.462062220900705,-8.74266914765883
-13.692611984502781,-6.430125823773941
-11.972127237676625,-6.237370818570491
-11.116605232774734,-6.504181395176826
-10.784658873262329,-5.183188642788335
-9.646349252299126,-3.3355303863942654
-9.787026537914402,-6.353628852282364
-9.88211960361286,-6.594169717570598
-10.742479743140176,-7.024406021495511
-10.736916358471438,-3.391146426441524
-10.818932983384821,-5.661050240394321
-8.045301316015454,-4.082137411694317
-8.23814448179589,-4.905647959900522
-6.967326491782452,-4.4241110297726935
-5.646829217389115,-4.850274768749063
-5.833307919304094,-2.746247665746522
-4.663910727003964,-2.072395542580572
-6.840724376488969,-5.396896240649778
-6.745797191633852,-4.416047772342618
-5.888535792167559,-3.6883816522429878
-8.286401064845679,-4.169202986862311
-9.445572263093776,-4.4786569645527505
-8.389498645720284,-3.0689563545086895
-8.646509414704958,-2.9587986882063513
-9.744708108525916,-3.8038995420596233
-10.118303777046684,-3.717623357020483
-10.660892083481151,-6.496862732035892
-9.936444770145936,-5.522714150052577
-9.48255889068629,-3.5976696450731254
-9.762787230042056,-4.592732536296463
-10.428129915670699,-5.19534323915968
-10.482005579565037,-7.219990957485955
-9.156849652219814,-6.437667753218299
-8.807823539641726,-3.6730223472896695
-8.168877945998895,-3.7428625780910045
-8.31955954320745,-4.455837395789699
-9.611375793283663,-5.218659628639447
-10.322219328870789,-6.887212291317237
-9.670982762973509,-4.464276242447607
-9.567766660392094,-3.749462531178498
-10.471606529218896,-3.5936322854175837
-12.089476954821745,-5.995600527274728
-11.978795054470318,-6.193594209355167
-12.318326063168481,-7.25516007730165
-12.668856281781208,-5.111184475692208
-12.998306239242288,-4.792297590397573
-12.714401125759185,-6.970370568991959
-12.419953400806383,-5.919217930772939
-11.457824850585983,-5.638242319654087
-10.529403270144597,-5.838528958480377
-9.197310189651162,-7.0961046566449415
-8.3909471328691,-4.5614726719119245
-8.726555166196789,-3.755833439291497
-8.78082411244038,-5.833714085458773
-8.28660901760895,-4.982185774316761
-8.596901287610372,-7.582011131693449
-8.047462507330483,-2.7392035371648067
-6.893853030335494,-2.946650143367542
-7.6950990403015656,-3.802070991198598
-9.465483091148064,-5.003214933648307
-8.271828135856508,-4.773197244247092
-8.254068225521493,-4.205840367504019
-7.545398402410191,-4.08301413330891
-8.877703756796045,-4.687208598847128
-7.14471119631788,-3.6061667111964004
-6.406091306849416,-3.0773946878904197
-6.532165480540884,-1.7171043220930922
-6.884153519345972,-4.891509165137701
-6.770257638890729,-3.123160194557073
-6.936988979456078,-4.093055307143187
-7.215679106699934,-4.747320740144913
-8.335279082225508,-6.535810346238327
-7.072469643304463,-2.9293426788139816
-7.112047327874022,-4.546402902888545
-7.037411690484419,-4.278391818244603
-6.944495701883948,-3.0123691582651753
-9.30271303862582,-5.744829530400444
-8.775571580501495,-4.371740660086467
-9.104726511126854,-4.63724365965169
-9.3939549757192,-3.9051340978178937
-9.324167103144388,-3.6614426091988594
-10.29664270847281,-6.025173200046543
-9.453261898485103,-3.819453214587513
-10.149126522292113,-5.1813089200952875
-11.052784577004992,-5.413594724506534
-11.914974177987366,-6.180000702131958
-11.756221482847439,-5.1125711070108615
-11.01044200848497,-6.727421412424578
-11.605495244031232,-5.552663355055164
-13.11568191994652,-5.3920611714855555
-12.053191226792917,-6.3202655282104345
